{"roc_auc_score": 0.7170303631353405, "accuracy_score": 0.7173766058147397, "f1_score": 0.7260812581913499}