{"roc_auc_score": 0.6455853238136713, "accuracy_score": 0.6470588235294118, "f1_score": 0.6716981132075472}