{"roc_auc_score": 0.6915572771619599, "accuracy_score": 0.6930358350236646, "f1_score": 0.714824120603015}